Province_id,R,G,B,Name,x
1,73,32,32,landprov1,x
2,45,32,32,landprov2,x
3,27,32,32,landprov3,x
4,18,32,32,landprov4,x
5,82,32,64,landprov5,x
6,78,100,64,landprov6,x
7,23,100,128,landprov7,x
8,32,100,64,landprov8,x
9,68,100,128,landprov9,x
10,55,40,192,landprov10,x
11,18,40,32,landprov11,x
12,9,40,32,landprov12,x
13,28,40,32,landprov13,x
14,82,40,0,landprov14,x
15,74,48,0,landprov15,x
16,46,48,32,landprov16,x
17,19,48,64,landprov17,x
18,1,48,32,landprov18,x
19,10,48,128,landprov19,x
20,56,48,32,landprov20,x
21,24,116,0,landprov21,x
22,70,116,0,landprov22,x
23,1,56,32,landprov23,x
24,10,56,64,landprov24,x
25,20,56,0,landprov25,x
26,56,56,32,landprov26,x
27,84,56,192,landprov27,x
28,75,64,32,landprov28,x
29,11,64,32,landprov29,x
30,2,64,32,landprov30,x
31,29,64,192,landprov31,x
32,84,64,128,landprov32,x
33,75,68,0,landprov33,x
34,30,68,0,landprov34,x
35,20,68,64,landprov35,x
36,66,68,64,landprov36,x
37,183,246,173,landprov37,x
38,174,246,173,landprov38,x
39,76,80,64,landprov39,x
40,30,80,64,landprov40,x
41,12,80,32,landprov41,x
42,21,80,128,landprov42,x
43,40,80,32,landprov43,x
44,67,80,32,landprov44,x
45,85,80,0,landprov45,x
46,76,84,192,landprov46,x
47,31,84,192,landprov47,x
48,86,84,128,landprov48,x
49,22,96,0,landprov49,x
50,13,96,32,landprov50,x
51,4,96,32,landprov51,x
52,50,96,32,landprov52,x
53,41,96,32,landprov53,x
54,68,96,32,landprov54,x
55,78,112,128,landprov55,x
56,5,112,32,landprov56,x
57,24,112,192,landprov57,x
58,33,112,128,landprov58,x
59,42,112,32,landprov59,x
60,69,112,192,landprov60,x
61,52,128,32,landprov61,x
62,6,128,32,landprov62,x
63,25,128,64,landprov63,x
64,16,128,32,landprov64,x
65,70,128,64,landprov65,x
66,80,128,0,landprov66,x
67,34,132,128,landprov67,x
68,71,132,192,landprov68,x
69,80,132,128,landprov69,x
70,44,136,32,landprov70,x
71,53,136,32,landprov71,x
72,7,136,32,landprov72,x
73,25,136,32,landprov73,x
74,16,136,32,landprov74,x
75,71,136,0,landprov75,x
76,35,140,64,landprov76,x
77,71,140,128,landprov77,x
78,80,140,64,landprov78,x
79,162,226,173,landprov79,x
80,178,202,173,landprov80,x
81,158,174,79,landprov81,x
82,219,158,255,landprov82,x
83,210,158,173,landprov83,x
84,201,158,173,landprov84,x
85,182,158,173,landprov85,x
86,173,158,255,landprov86,x
87,164,158,173,landprov87,x
88,155,158,173,landprov88,x
89,146,158,173,landprov89,x
90,137,158,173,landprov90,x
91,82,156,255,landprov91,x
92,36,156,255,landprov92,x
93,246,154,255,landprov93,x
94,209,154,79,landprov94,x
95,200,154,79,landprov95,x
96,182,154,79,landprov96,x
97,173,154,79,landprov97,x
98,164,154,79,landprov98,x
99,155,154,255,landprov99,x
100,145,154,79,landprov100,x
101,136,154,79,landprov101,x
102,109,152,255,landprov102,x
103,63,152,255,landprov103,x
104,17,152,255,landprov104,x
105,227,150,255,landprov105,x
106,209,150,173,landprov106,x
107,200,150,173,landprov107,x
108,182,150,255,landprov108,x
109,173,150,173,landprov109,x
110,163,150,173,landprov110,x
111,154,150,173,landprov111,x
112,145,150,173,landprov112,x
113,136,150,255,landprov113,x
114,90,148,255,landprov114,x
115,44,148,255,landprov115,x
116,209,146,255,landprov116,x
117,200,146,79,landprov117,x
118,181,146,79,landprov118,x
119,172,146,79,landprov119,x
120,163,146,79,landprov120,x
121,154,146,79,landprov121,x
122,145,146,79,landprov122,x
123,136,146,79,landprov123,x
124,117,144,255,landprov124,x
125,72,144,255,landprov125,x
126,26,144,255,landprov126,x
127,236,142,255,landprov127,x
128,209,142,173,landprov128,x
129,199,142,173,landprov129,x
130,190,142,255,landprov130,x
131,181,142,173,landprov131,x
132,172,142,173,landprov132,x
133,163,142,173,landprov133,x
134,154,142,173,landprov134,x
135,145,142,255,landprov135,x
136,135,142,173,landprov136,x
137,99,140,255,landprov137,x
138,53,140,255,landprov138,x
139,7,140,255,landprov139,x
140,217,138,255,landprov140,x
141,208,138,79,landprov141,x
142,199,138,79,landprov142,x
143,181,138,79,landprov143,x
144,172,138,255,landprov144,x
145,163,138,79,landprov145,x
146,153,138,79,landprov146,x
147,144,138,79,landprov147,x
148,135,138,79,landprov148,x
149,80,136,255,landprov149,x
150,34,136,255,landprov150,x
151,245,134,255,landprov151,x
152,208,134,173,landprov152,x
153,199,134,173,landprov153,x
154,181,134,173,landprov154,x
155,171,134,173,landprov155,x
156,162,134,173,landprov156,x
157,153,134,255,landprov157,x
158,144,134,173,landprov158,x
159,135,134,173,landprov159,x
160,107,132,255,landprov160,x
161,62,132,255,landprov161,x
162,16,132,255,landprov162,x
163,226,130,255,landprov163,x
164,208,130,79,landprov164,x
165,199,130,79,landprov165,x
166,180,130,255,landprov166,x
167,171,130,79,landprov167,x
168,162,130,79,landprov168,x
169,153,130,79,landprov169,x
170,144,130,79,landprov170,x
171,135,130,255,landprov171,x
172,89,128,255,landprov172,x
173,43,128,255,landprov173,x
174,207,126,173,landprov174,x
175,198,126,173,landprov175,x
176,180,126,173,landprov176,x
177,171,126,173,landprov177,x
178,162,126,255,landprov178,x
179,153,126,173,landprov179,x
180,143,126,173,landprov180,x
181,134,126,173,landprov181,x
182,116,124,255,landprov182,x
183,70,124,255,landprov183,x
184,24,124,255,landprov184,x
185,235,122,255,landprov185,x
186,207,122,79,landprov186,x
187,198,122,79,landprov187,x
188,189,122,255,landprov188,x
189,180,122,79,landprov189,x
190,171,122,79,landprov190,x
191,161,122,79,landprov191,x
192,152,122,79,landprov192,x
193,143,122,255,landprov193,x
194,134,122,79,landprov194,x
195,97,120,255,landprov195,x
196,52,120,255,landprov196,x
197,6,120,255,landprov197,x
198,216,118,255,landprov198,x
199,207,118,173,landprov199,x
200,198,118,173,landprov200,x
201,179,118,173,landprov201,x
202,170,118,255,landprov202,x
203,161,118,173,landprov203,x
204,152,118,173,landprov204,x
205,143,118,173,landprov205,x
206,134,118,173,landprov206,x
207,79,116,255,landprov207,x
208,33,116,255,landprov208,x
209,243,114,255,landprov209,x
210,207,114,79,landprov210,x
211,197,114,79,landprov211,x
212,179,114,79,landprov212,x
213,170,114,79,landprov213,x
214,161,114,79,landprov214,x
215,152,114,79,landprov215,x
216,143,114,79,landprov216,x
217,133,114,79,landprov217,x
218,182,150,173,landprov218,x
219,136,150,173,landprov219,x
220,173,158,173,landprov220,x
221,106,112,255,landprov221,x
222,60,112,255,landprov222,x
223,14,112,255,landprov223,x
224,225,110,255,landprov224,x
225,206,110,173,landprov225,x
226,197,110,173,landprov226,x
227,179,110,255,landprov227,x
228,170,110,173,landprov228,x
229,161,110,173,landprov229,x
230,151,110,173,landprov230,x
231,142,110,173,landprov231,x
232,133,110,255,landprov232,x
233,87,108,255,landprov233,x
234,42,108,255,landprov234,x
235,206,106,79,landprov235,x
236,197,106,79,landprov236,x
237,179,106,79,landprov237,x
238,169,106,79,landprov238,x
239,160,106,79,landprov239,x
240,151,106,79,landprov240,x
241,142,106,79,landprov241,x
242,133,106,79,landprov242,x
243,114,104,255,landprov243,x
244,69,104,255,landprov244,x
245,23,104,255,landprov245,x
246,233,102,255,landprov246,x
247,206,102,173,landprov247,x
248,197,102,173,landprov248,x
249,187,102,255,landprov249,x
250,169,102,173,landprov250,x
251,160,102,173,landprov251,x
252,151,102,173,landprov252,x
253,142,102,255,landprov253,x
254,133,102,173,landprov254,x
255,96,100,255,landprov255,x
256,50,100,255,landprov256,x
257,4,100,255,landprov257,x
258,215,98,255,landprov258,x
259,205,98,79,landprov259,x
260,196,98,79,landprov260,x
261,178,98,79,landprov261,x
262,169,98,255,landprov262,x
263,160,98,79,landprov263,x
264,151,98,79,landprov264,x
265,141,98,79,landprov265,x
266,132,98,79,landprov266,x
267,77,96,255,landprov267,x
268,32,96,255,landprov268,x
269,242,94,255,landprov269,x
270,214,94,173,landprov270,x
271,205,94,173,landprov271,x
272,196,94,173,landprov272,x
273,187,94,173,landprov273,x
274,178,94,173,landprov274,x
275,169,94,173,landprov275,x
276,159,94,173,landprov276,x
277,150,94,173,landprov277,x
278,141,94,173,landprov278,x
279,132,94,173,landprov279,x
280,104,92,255,landprov280,x
281,59,92,255,landprov281,x
282,13,92,255,landprov282,x
283,223,90,255,landprov283,x
284,214,90,79,landprov284,x
285,205,90,79,landprov285,x
286,196,90,79,landprov286,x
287,187,90,79,landprov287,x
288,177,90,255,landprov288,x
289,168,90,79,landprov289,x
290,159,90,79,landprov290,x
291,150,90,79,landprov291,x
292,141,90,79,landprov292,x
293,132,90,255,landprov293,x
294,86,88,255,landprov294,x
295,40,88,255,landprov295,x
296,214,86,173,landprov296,x
297,205,86,173,landprov297,x
298,195,86,173,landprov298,x
299,186,86,173,landprov299,x
300,177,86,173,landprov300,x
301,168,86,173,landprov301,x
302,159,86,173,landprov302,x
303,150,86,173,landprov303,x
304,141,86,173,landprov304,x
305,131,86,173,landprov305,x
306,113,84,255,landprov306,x
307,67,84,255,landprov307,x
308,22,84,255,landprov308,x
309,232,82,255,landprov309,x
310,213,82,79,landprov310,x
311,204,82,79,landprov311,x
312,195,82,79,landprov312,x
313,186,82,255,landprov313,x
314,177,82,79,landprov314,x
315,168,82,79,landprov315,x
316,159,82,79,landprov316,x
317,149,82,79,landprov317,x
318,140,82,255,landprov318,x
319,131,82,79,landprov319,x
320,94,80,255,landprov320,x
321,153,134,173,landprov321,x
322,49,80,255,landprov322,x
323,3,80,255,landprov323,x
324,145,142,173,landprov324,x
325,213,78,173,landprov325,x
326,204,78,173,landprov326,x
327,195,78,173,landprov327,x
328,186,78,173,landprov328,x
329,177,78,173,landprov329,x
330,167,78,255,landprov330,x
331,158,78,173,landprov331,x
332,149,78,173,landprov332,x
333,140,78,173,landprov333,x
334,131,78,173,landprov334,x
335,54,148,126,landprov335,x
336,26,148,126,landprov336,x
337,8,148,126,landprov337,x
338,35,148,126,landprov338,x
339,54,156,126,landprov339,x
340,45,156,126,landprov340,x
341,27,156,126,landprov341,x
342,8,156,126,landprov342,x
343,76,76,255,landprov343,x
344,30,76,255,landprov344,x
345,240,74,255,landprov345,x
346,213,74,79,landprov346,x
347,204,74,79,landprov347,x
348,195,74,255,landprov348,x
349,185,74,79,landprov349,x
350,176,74,79,landprov350,x
351,167,74,79,landprov351,x
352,149,74,79,landprov352,x
353,140,74,79,landprov353,x
354,131,74,79,landprov354,x
355,103,72,255,landprov355,x
356,57,72,255,landprov356,x
357,12,72,255,landprov357,x
358,222,70,255,landprov358,x
359,213,70,173,landprov359,x
360,203,70,173,landprov360,x
361,194,70,173,landprov361,x
362,185,70,173,landprov362,x
363,176,70,255,landprov363,x
364,167,70,173,landprov364,x
365,158,70,173,landprov365,x
366,149,70,173,landprov366,x
367,139,70,173,landprov367,x
368,130,70,255,landprov368,x
369,84,68,255,landprov369,x
370,39,68,255,landprov370,x
371,212,66,79,landprov371,x
372,203,66,79,landprov372,x
373,185,66,79,landprov373,x
374,176,66,79,landprov374,x
375,167,66,79,landprov375,x
376,157,66,79,landprov376,x
377,148,66,79,landprov377,x
378,139,66,79,landprov378,x
379,130,66,79,landprov379,x
380,112,64,255,landprov380,x
381,66,64,255,landprov381,x
382,20,64,255,landprov382,x
383,230,62,255,landprov383,x
384,212,62,173,landprov384,x
385,203,62,173,landprov385,x
386,185,62,173,landprov386,x
387,175,62,173,landprov387,x
388,166,62,173,landprov388,x
389,157,62,173,landprov389,x
390,148,62,173,landprov390,x
391,139,62,255,landprov391,x
392,130,62,173,landprov392,x
393,93,60,255,landprov393,x
394,47,60,255,landprov394,x
395,2,60,255,landprov395,x
396,212,58,79,landprov396,x
397,203,58,79,landprov397,x
398,184,58,79,landprov398,x
399,175,58,79,landprov399,x
400,166,58,255,landprov400,x
401,157,58,79,landprov401,x
402,148,58,79,landprov402,x
403,139,58,79,landprov403,x
404,129,58,79,landprov404,x
405,74,56,255,landprov405,x
406,29,56,255,landprov406,x
407,239,54,255,landprov407,x
408,211,54,173,landprov408,x
409,202,54,173,landprov409,x
410,193,54,255,landprov410,x
411,184,54,173,landprov411,x
412,175,54,173,landprov412,x
413,166,54,173,landprov413,x
414,157,54,173,landprov414,x
415,147,54,173,landprov415,x
416,138,54,173,landprov416,x
417,129,54,173,landprov417,x
418,102,52,255,landprov418,x
419,56,52,255,landprov419,x
420,10,52,255,landprov420,x
421,220,50,255,landprov421,x
422,211,50,79,landprov422,x
423,202,50,79,landprov423,x
424,184,50,79,landprov424,x
425,175,50,255,landprov425,x
426,165,50,79,landprov426,x
427,156,50,79,landprov427,x
428,147,50,79,landprov428,x
429,138,50,79,landprov429,x
430,129,50,255,landprov430,x
431,209,146,79,landprov431,x
432,163,146,255,landprov432,x
433,200,154,255,landprov433,x
434,155,154,79,landprov434,x
435,83,48,255,landprov435,x
436,37,48,255,landprov436,x
437,52,132,126,landprov437,x
438,7,132,126,landprov438,x
439,25,132,126,landprov439,x
440,43,132,126,landprov440,x
441,211,46,173,landprov441,x
442,202,46,173,landprov442,x
443,165,46,173,landprov443,x
444,156,46,173,landprov444,x
445,147,46,173,landprov445,x
446,138,46,173,landprov446,x
447,44,140,126,landprov447,x
448,26,140,126,landprov448,x
449,16,140,126,landprov449,x
450,110,44,255,landprov450,x
451,64,44,255,landprov451,x
452,19,44,255,landprov452,x
453,229,42,255,landprov453,x
454,211,42,79,landprov454,x
455,201,42,79,landprov455,x
456,183,42,255,landprov456,x
457,174,42,79,landprov457,x
458,165,42,79,landprov458,x
459,156,42,79,landprov459,x
460,147,42,79,landprov460,x
461,137,42,255,landprov461,x
462,128,42,79,landprov462,x
463,92,40,255,landprov463,x
464,46,40,255,landprov464,x
465,0,40,255,landprov465,x
466,210,38,173,landprov466,x
467,201,38,173,landprov467,x
468,183,38,173,landprov468,x
469,174,38,173,landprov469,x
470,165,38,255,landprov470,x
471,155,38,173,landprov471,x
472,146,38,173,landprov472,x
473,137,38,173,landprov473,x
474,128,38,173,landprov474,x
475,119,36,255,landprov475,x
476,73,36,255,landprov476,x
477,27,36,255,landprov477,x
478,237,34,255,landprov478,x
479,210,34,79,landprov479,x
480,201,34,79,landprov480,x
481,192,34,255,landprov481,x
482,183,34,79,landprov482,x
483,173,34,79,landprov483,x
484,164,34,79,landprov484,x
485,155,34,79,landprov485,x
486,146,34,255,landprov486,x
487,137,34,79,landprov487,x
488,128,34,79,landprov488,x
489,100,32,255,landprov489,x
490,54,32,255,landprov490,x
491,9,32,255,landprov491,x
492,199,134,255,landprov492,x
493,180,130,79,landprov493,x
494,135,130,79,landprov494,x
495,172,138,79,landprov495,x
496,29,254,126,landprov496,x
497,56,252,126,landprov497,x
498,37,248,32,landprov498,x
499,28,248,0,landprov499,x
500,38,247,32,landprov500,x
501,48,244,64,landprov501,x
502,30,243,32,landprov502,x
503,37,240,32,landprov503,x
504,207,126,255,landprov504,x
505,47,236,32,landprov505,x
506,36,232,32,landprov506,x
507,143,122,79,landprov507,x
508,34,228,32,landprov508,x
509,206,106,255,landprov509,x
510,160,106,255,landprov510,x
511,197,114,255,landprov511,x
512,152,114,255,landprov512,x
513,51,212,32,landprov513,x
514,169,98,79,landprov514,x
515,5,108,126,landprov515,x
516,14,108,126,landprov516,x
517,51,108,126,landprov517,x
518,52,124,126,landprov518,x
519,6,124,126,landprov519,x
520,43,124,126,landprov520,x
521,39,76,126,landprov521,x
522,3,76,126,landprov522,x
523,12,76,126,landprov523,x
524,58,76,126,landprov524,x
525,48,76,126,landprov525,x
526,67,76,126,landprov526,x
527,4,92,126,landprov527,x
528,50,92,126,landprov528,x
529,40,92,126,landprov529,x
530,58,188,32,landprov530,x
531,14,100,126,landprov531,x
532,41,100,126,landprov532,x
533,15,116,126,landprov533,x
534,6,116,126,landprov534,x
535,51,116,126,landprov535,x
536,42,116,126,landprov536,x
537,11,68,126,landprov537,x
538,2,68,126,landprov538,x
539,57,68,126,landprov539,x
540,48,68,126,landprov540,x
541,3,84,126,landprov541,x
542,12,84,126,landprov542,x
543,58,84,126,landprov543,x
544,40,84,126,landprov544,x
545,49,84,126,landprov545,x
546,58,180,32,landprov546,x
547,57,172,32,landprov547,x
548,48,172,32,landprov548,x
549,179,110,173,landprov549,x
550,133,110,173,landprov550,x
551,196,94,255,landprov551,x
552,150,94,255,landprov552,x
553,177,90,79,landprov553,x
554,132,90,79,landprov554,x
555,213,78,255,landprov555,x
556,195,74,79,landprov556,x
557,149,74,255,landprov557,x
558,139,62,173,landprov558,x
559,57,164,32,landprov559,x
560,165,38,173,landprov560,x
561,38,164,32,landprov561,x
562,129,46,173,landprov562,x
563,246,158,64,landprov563,x
564,237,158,128,landprov564,x
565,228,158,192,landprov565,x
566,210,158,0,landprov566,x
567,201,158,64,landprov567,x
568,191,158,128,landprov568,x
569,182,158,192,landprov569,x
570,164,158,0,landprov570,x
571,155,158,64,landprov571,x
572,146,158,128,landprov572,x
573,137,158,192,landprov573,x
574,170,118,173,landprov574,x
575,118,156,0,landprov575,x
576,109,156,64,landprov576,x
577,100,156,128,landprov577,x
578,91,156,192,landprov578,x
579,82,156,126,landprov579,x
580,72,156,126,landprov580,x
581,63,156,64,landprov581,x
582,54,156,128,landprov582,x
583,142,102,173,landprov583,x
584,45,156,192,landprov584,x
585,36,156,126,landprov585,x
586,27,156,0,landprov586,x
587,18,156,126,landprov587,x
588,8,156,128,landprov588,x
589,237,154,0,landprov589,x
590,228,154,64,landprov590,x
591,219,154,128,landprov591,x
592,209,154,192,landprov592,x
593,191,154,0,landprov593,x
594,205,86,255,landprov594,x
595,182,154,64,landprov595,x
596,173,154,128,landprov596,x
597,164,154,192,landprov597,x
598,145,154,0,landprov598,x
599,136,154,64,landprov599,x
600,159,86,255,landprov600,x
601,186,82,79,landprov601,x
602,140,82,79,landprov602,x
603,118,152,192,landprov603,x
604,100,152,0,landprov604,x
605,90,152,64,landprov605,x
606,81,152,32,landprov606,x
607,72,152,32,landprov607,x
608,203,66,255,landprov608,x
609,54,152,0,landprov609,x
610,45,152,64,landprov610,x
611,36,152,128,landprov611,x
612,26,152,192,landprov612,x
613,17,152,32,landprov613,x
614,8,152,0,landprov614,x
615,157,66,255,landprov615,x
616,246,150,128,landprov616,x
617,237,150,192,landprov617,x
618,218,150,0,landprov618,x
619,209,150,64,landprov619,x
620,200,150,128,landprov620,x
621,191,150,192,landprov621,x
622,173,150,0,landprov622,x
623,163,150,64,landprov623,x
624,154,150,128,landprov624,x
625,145,150,192,landprov625,x
626,118,148,64,landprov626,x
627,108,148,128,landprov627,x
628,99,148,192,landprov628,x
629,81,148,126,landprov629,x
630,72,148,126,landprov630,x
631,63,148,128,landprov631,x
632,54,148,192,landprov632,x
633,44,148,126,landprov633,x
634,35,148,0,landprov634,x
635,26,148,64,landprov635,x
636,17,148,126,landprov636,x
637,8,148,192,landprov637,x
638,245,146,0,landprov638,x
639,236,146,64,landprov639,x
640,227,146,128,landprov640,x
641,218,146,192,landprov641,x
642,200,146,0,landprov642,x
643,191,146,64,landprov643,x
644,181,146,128,landprov644,x
645,172,146,192,landprov645,x
646,154,146,0,landprov646,x
647,145,146,64,landprov647,x
648,136,146,128,landprov648,x
649,108,144,0,landprov649,x
650,99,144,64,landprov650,x
651,90,144,128,landprov651,x
652,81,144,32,landprov652,x
653,72,144,32,landprov653,x
654,62,144,0,landprov654,x
655,53,144,64,landprov655,x
656,44,144,128,landprov656,x
657,35,144,32,landprov657,x
658,26,144,32,landprov658,x
659,17,144,32,landprov659,x
660,8,144,64,landprov660,x
661,245,142,192,landprov661,x
662,227,142,0,landprov662,x
663,218,142,64,landprov663,x
664,209,142,128,landprov664,x
665,199,142,192,landprov665,x
666,181,142,0,landprov666,x
667,172,142,64,landprov667,x
668,163,142,128,landprov668,x
669,154,142,192,landprov669,x
670,135,142,0,landprov670,x
671,117,140,128,landprov671,x
672,108,140,192,landprov672,x
673,90,140,0,landprov673,x
674,80,140,126,landprov674,x
675,71,140,126,landprov675,x
676,62,140,192,landprov676,x
677,53,140,126,landprov677,x
678,44,140,0,landprov678,x
679,35,140,126,landprov679,x
680,26,140,128,landprov680,x
681,16,140,192,landprov681,x
682,7,140,126,landprov682,x
683,245,138,64,landprov683,x
684,236,138,128,landprov684,x
685,227,138,192,landprov685,x
686,208,138,0,landprov686,x
687,199,138,64,landprov687,x
688,190,138,128,landprov688,x
689,181,138,192,landprov689,x
690,163,138,0,landprov690,x
691,153,138,64,landprov691,x
692,144,138,128,landprov692,x
693,135,138,192,landprov693,x
694,117,136,0,landprov694,x
695,108,136,64,landprov695,x
696,98,136,128,landprov696,x
697,89,136,192,landprov697,x
698,80,136,32,landprov698,x
699,71,136,32,landprov699,x
700,62,136,64,landprov700,x
701,53,136,128,landprov701,x
702,44,136,192,landprov702,x
703,34,136,32,landprov703,x
704,25,136,0,landprov704,x
705,16,136,64,landprov705,x
706,7,136,128,landprov706,x
707,235,134,0,landprov707,x
708,226,134,64,landprov708,x
709,217,134,128,landprov709,x
710,208,134,192,landprov710,x
711,190,134,0,landprov711,x
712,181,134,64,landprov712,x
713,171,134,128,landprov713,x
714,162,134,192,landprov714,x
715,144,134,0,landprov715,x
716,135,134,64,landprov716,x
717,116,132,192,landprov717,x
718,98,132,0,landprov718,x
719,89,132,64,landprov719,x
720,80,132,126,landprov720,x
721,71,132,126,landprov721,x
722,52,132,0,landprov722,x
723,43,132,64,landprov723,x
724,34,132,126,landprov724,x
725,25,132,192,landprov725,x
726,16,132,126,landprov726,x
727,7,132,0,landprov727,x
728,244,130,128,landprov728,x
729,235,130,192,landprov729,x
730,217,130,0,landprov730,x
731,208,130,64,landprov731,x
732,199,130,128,landprov732,x
733,189,130,192,landprov733,x
734,171,130,0,landprov734,x
735,162,130,64,landprov735,x
736,153,130,128,landprov736,x
737,144,130,192,landprov737,x
738,116,128,64,landprov738,x
739,107,128,128,landprov739,x
740,98,128,192,landprov740,x
741,80,128,32,landprov741,x
742,70,128,32,landprov742,x
743,61,128,128,landprov743,x
744,52,128,192,landprov744,x
745,43,128,32,landprov745,x
746,34,128,0,landprov746,x
747,25,128,32,landprov747,x
748,16,128,128,landprov748,x
749,6,128,192,landprov749,x
750,244,126,0,landprov750,x
751,235,126,64,landprov751,x
752,226,126,128,landprov752,x
753,217,126,192,landprov753,x
754,198,126,0,landprov754,x
755,189,126,64,landprov755,x
756,180,126,128,landprov756,x
757,171,126,192,landprov757,x
758,153,126,0,landprov758,x
759,143,126,64,landprov759,x
760,134,126,128,landprov760,x
761,107,124,0,landprov761,x
762,98,124,64,landprov762,x
763,88,124,128,landprov763,x
764,79,124,126,landprov764,x
765,70,124,126,landprov765,x
766,61,124,0,landprov766,x
767,52,124,64,landprov767,x
768,43,124,128,landprov768,x
769,34,124,126,landprov769,x
770,24,124,126,landprov770,x
771,15,124,126,landprov771,x
772,6,124,64,landprov772,x
773,244,122,192,landprov773,x
774,225,122,0,landprov774,x
775,216,122,64,landprov775,x
776,207,122,128,landprov776,x
777,198,122,192,landprov777,x
778,180,122,0,landprov778,x
779,171,122,64,landprov779,x
780,161,122,128,landprov780,x
781,152,122,192,landprov781,x
782,134,122,0,landprov782,x
783,116,120,128,landprov783,x
784,106,120,192,landprov784,x
785,88,120,0,landprov785,x
786,79,120,32,landprov786,x
787,70,120,32,landprov787,x
788,61,120,192,landprov788,x
789,52,120,32,landprov789,x
790,42,120,0,landprov790,x
791,33,120,32,landprov791,x
792,24,120,32,landprov792,x
793,15,120,192,landprov793,x
794,6,120,32,landprov794,x
795,243,118,64,landprov795,x
796,234,118,128,landprov796,x
797,225,118,192,landprov797,x
798,207,118,0,landprov798,x
799,198,118,64,landprov799,x
800,189,118,128,landprov800,x
801,179,118,192,landprov801,x
802,161,118,0,landprov802,x
803,152,118,64,landprov803,x
804,143,118,128,landprov804,x
805,134,118,192,landprov805,x
806,115,116,0,landprov806,x
807,106,116,64,landprov807,x
808,97,116,128,landprov808,x
809,88,116,192,landprov809,x
810,79,116,126,landprov810,x
811,70,116,126,landprov811,x
812,60,116,64,landprov812,x
813,51,116,128,landprov813,x
814,42,116,192,landprov814,x
815,33,116,126,landprov815,x
816,24,116,126,landprov816,x
817,15,116,64,landprov817,x
818,6,116,128,landprov818,x
819,234,114,0,landprov819,x
820,225,114,64,landprov820,x
821,216,114,128,landprov821,x
822,207,114,192,landprov822,x
823,188,114,0,landprov823,x
824,179,114,64,landprov824,x
825,170,114,128,landprov825,x
826,161,114,192,landprov826,x
827,143,114,0,landprov827,x
828,133,114,64,landprov828,x
829,115,112,192,landprov829,x
830,97,112,0,landprov830,x
831,88,112,64,landprov831,x
832,78,112,32,landprov832,x
833,69,112,32,landprov833,x
834,51,112,0,landprov834,x
835,42,112,64,landprov835,x
836,33,112,32,landprov836,x
837,24,112,32,landprov837,x
838,14,112,32,landprov838,x
839,5,112,0,landprov839,x
840,243,110,128,landprov840,x
841,234,110,192,landprov841,x
842,215,110,0,landprov842,x
843,206,110,64,landprov843,x
844,197,110,128,landprov844,x
845,188,110,192,landprov845,x
846,170,110,0,landprov846,x
847,161,110,64,landprov847,x
848,151,110,128,landprov848,x
849,142,110,192,landprov849,x
850,115,108,64,landprov850,x
851,106,108,128,landprov851,x
852,96,108,192,landprov852,x
853,78,108,126,landprov853,x
854,69,108,126,landprov854,x
855,60,108,128,landprov855,x
856,51,108,192,landprov856,x
857,42,108,126,landprov857,x
858,32,108,126,landprov858,x
859,23,108,126,landprov859,x
860,14,108,128,landprov860,x
861,5,108,192,landprov861,x
862,243,106,0,landprov862,x
863,233,106,64,landprov863,x
864,224,106,128,landprov864,x
865,215,106,192,landprov865,x
866,197,106,0,landprov866,x
867,188,106,64,landprov867,x
868,179,106,128,landprov868,x
869,169,106,192,landprov869,x
870,151,106,0,landprov870,x
871,142,106,64,landprov871,x
872,133,106,128,landprov872,x
873,105,104,0,landprov873,x
874,96,104,64,landprov874,x
875,87,104,128,landprov875,x
876,78,104,32,landprov876,x
877,69,104,32,landprov877,x
878,60,104,0,landprov878,x
879,50,104,64,landprov879,x
880,41,104,128,landprov880,x
881,32,104,32,landprov881,x
882,23,104,32,landprov882,x
883,14,104,0,landprov883,x
884,5,104,64,landprov884,x
885,167,78,173,landprov885,x
886,242,102,192,landprov886,x
887,224,102,0,landprov887,x
888,215,102,64,landprov888,x
889,206,102,128,landprov889,x
890,197,102,192,landprov890,x
891,178,102,0,landprov891,x
892,169,102,64,landprov892,x
893,160,102,128,landprov893,x
894,151,102,192,landprov894,x
895,133,102,0,landprov895,x
896,147,54,255,landprov896,x
897,185,62,255,landprov897,x
898,210,38,255,landprov898,x
899,114,100,128,landprov899,x
900,105,100,192,landprov900,x
901,87,100,0,landprov901,x
902,78,100,126,landprov902,x
903,68,100,126,landprov903,x
904,59,100,192,landprov904,x
905,50,100,126,landprov905,x
906,41,100,0,landprov906,x
907,32,100,126,landprov907,x
908,23,100,126,landprov908,x
909,14,100,192,landprov909,x
910,4,100,126,landprov910,x
911,202,46,255,landprov911,x
912,156,46,255,landprov912,x
913,242,98,64,landprov913,x
914,233,98,128,landprov914,x
915,224,98,192,landprov915,x
916,205,98,0,landprov916,x
917,196,98,64,landprov917,x
918,187,98,128,landprov918,x
919,178,98,192,landprov919,x
920,160,98,0,landprov920,x
921,151,98,64,landprov921,x
922,141,98,128,landprov922,x
923,132,98,192,landprov923,x
924,114,96,0,landprov924,x
925,105,96,64,landprov925,x
926,96,96,128,landprov926,x
927,86,96,192,landprov927,x
928,77,96,32,landprov928,x
929,68,96,0,landprov929,x
930,59,96,64,landprov930,x
931,50,96,128,landprov931,x
932,41,96,192,landprov932,x
933,32,96,32,landprov933,x
934,22,96,32,landprov934,x
935,13,96,64,landprov935,x
936,4,96,128,landprov936,x
937,233,94,0,landprov937,x
938,223,94,64,landprov938,x
939,214,94,128,landprov939,x
940,205,94,192,landprov940,x
941,187,94,0,landprov941,x
942,178,94,64,landprov942,x
943,169,94,128,landprov943,x
944,159,94,192,landprov944,x
945,141,94,0,landprov945,x
946,132,94,64,landprov946,x
947,175,50,79,landprov947,x
948,129,50,79,landprov948,x
949,212,58,255,landprov949,x
950,166,58,79,landprov950,x
951,114,92,192,landprov951,x
952,95,92,0,landprov952,x
953,86,92,126,landprov953,x
954,77,92,126,landprov954,x
955,68,92,126,landprov955,x
956,59,92,126,landprov956,x
957,50,92,0,landprov957,x
958,40,92,64,landprov958,x
959,31,92,126,landprov959,x
960,22,92,126,landprov960,x
961,13,92,126,landprov961,x
962,4,92,0,landprov962,x
963,146,34,79,landprov963,x
964,241,90,128,landprov964,x
965,232,90,192,landprov965,x
966,183,42,79,landprov966,x
967,205,90,64,landprov967,x
968,196,90,128,landprov968,x
969,187,90,192,landprov969,x
970,137,42,79,landprov970,x
971,168,90,0,landprov971,x
972,159,90,64,landprov972,x
973,150,90,128,landprov973,x
974,141,90,192,landprov974,x
975,113,88,64,landprov975,x
976,104,88,128,landprov976,x
977,95,88,192,landprov977,x
978,86,88,32,landprov978,x
979,77,88,32,landprov979,x
980,176,70,173,landprov980,x
981,68,88,32,landprov981,x
982,58,88,128,landprov982,x
983,49,88,192,landprov983,x
984,130,70,173,landprov984,x
985,40,88,32,landprov985,x
986,31,88,32,landprov986,x
987,22,88,32,landprov987,x
988,13,88,128,landprov988,x
989,4,88,192,landprov989,x
990,241,86,0,landprov990,x
991,232,86,64,landprov991,x
992,223,86,128,landprov992,x
993,214,86,192,landprov993,x
994,195,86,0,landprov994,x
995,186,86,64,landprov995,x
996,177,86,128,landprov996,x
997,168,86,192,landprov997,x
998,150,86,0,landprov998,x
999,141,86,64,landprov999,x
1000,131,86,128,landprov1000,x
1001,104,84,0,landprov1001,x
1002,95,84,64,landprov1002,x
1003,86,84,126,landprov1003,x
1004,76,84,126,landprov1004,x
1005,67,84,126,landprov1005,x
1006,58,84,0,landprov1006,x
1007,49,84,64,landprov1007,x
1008,40,84,128,landprov1008,x
1009,31,84,126,landprov1009,x
1010,22,84,126,landprov1010,x
1011,12,84,0,landprov1011,x
1012,3,84,64,landprov1012,x
1013,241,82,192,landprov1013,x
1014,223,82,0,landprov1014,x
1015,213,82,64,landprov1015,x
1016,204,82,128,landprov1016,x
1017,195,82,192,landprov1017,x
1018,177,82,0,landprov1018,x
1019,168,82,64,landprov1019,x
1020,159,82,128,landprov1020,x
1021,149,82,192,landprov1021,x
1022,131,82,0,landprov1022,x
1023,113,80,128,landprov1023,x
1024,104,80,192,landprov1024,x
1025,85,80,32,landprov1025,x
1026,76,80,32,landprov1026,x
1027,67,80,128,landprov1027,x
1028,58,80,192,landprov1028,x
1029,49,80,32,landprov1029,x
1030,40,80,0,landprov1030,x
1031,30,80,32,landprov1031,x
1032,21,80,32,landprov1032,x
1033,12,80,192,landprov1033,x
1034,3,80,32,landprov1034,x
1035,241,78,64,landprov1035,x
1036,231,78,128,landprov1036,x
1037,222,78,192,landprov1037,x
1038,204,78,0,landprov1038,x
1039,195,78,64,landprov1039,x
1040,186,78,128,landprov1040,x
1041,177,78,192,landprov1041,x
1042,158,78,0,landprov1042,x
1043,149,78,64,landprov1043,x
1044,140,78,128,landprov1044,x
1045,131,78,192,landprov1045,x
1046,112,76,0,landprov1046,x
1047,103,76,64,landprov1047,x
1048,94,76,128,landprov1048,x
1049,85,76,126,landprov1049,x
1050,76,76,126,landprov1050,x
1051,67,76,0,landprov1051,x
1052,58,76,64,landprov1052,x
1053,48,76,128,landprov1053,x
1054,39,76,192,landprov1054,x
1055,30,76,126,landprov1055,x
1056,21,76,126,landprov1056,x
1057,12,76,64,landprov1057,x
1058,3,76,128,landprov1058,x
1059,231,74,0,landprov1059,x
1060,222,74,64,landprov1060,x
1061,213,74,128,landprov1061,x
1062,204,74,192,landprov1062,x
1063,185,74,0,landprov1063,x
1064,176,74,64,landprov1064,x
1065,167,74,128,landprov1065,x
1066,158,74,192,landprov1066,x
1067,140,74,0,landprov1067,x
1068,131,74,64,landprov1068,x
1069,112,72,192,landprov1069,x
1070,94,72,0,landprov1070,x
1071,85,72,32,landprov1071,x
1072,76,72,32,landprov1072,x
1073,66,72,32,landprov1073,x
1074,48,72,0,landprov1074,x
1075,39,72,64,landprov1075,x
1076,30,72,128,landprov1076,x
1077,21,72,32,landprov1077,x
1078,12,72,32,landprov1078,x
1079,2,72,0,landprov1079,x
1080,240,70,128,landprov1080,x
1081,231,70,192,landprov1081,x
1082,213,70,0,landprov1082,x
1083,203,70,64,landprov1083,x
1084,194,70,128,landprov1084,x
1085,185,70,192,landprov1085,x
1086,167,70,0,landprov1086,x
1087,158,70,64,landprov1087,x
1088,149,70,128,landprov1088,x
1089,139,70,192,landprov1089,x
1090,112,68,64,landprov1090,x
1091,103,68,128,landprov1091,x
1092,94,68,192,landprov1092,x
1093,84,68,126,landprov1093,x
1094,75,68,126,landprov1094,x
1095,66,68,126,landprov1095,x
1096,57,68,128,landprov1096,x
1097,48,68,192,landprov1097,x
1098,39,68,126,landprov1098,x
1099,30,68,126,landprov1099,x
1100,20,68,126,landprov1100,x
1101,11,68,128,landprov1101,x
1102,2,68,192,landprov1102,x
1103,55,36,126,landprov1103,x
1104,36,36,126,landprov1104,x
1105,46,36,126,landprov1105,x
1106,9,36,126,landprov1106,x
1107,0,36,126,landprov1107,x
1108,240,66,0,landprov1108,x
1109,231,66,64,landprov1109,x
1110,221,66,128,landprov1110,x
1111,212,66,192,landprov1111,x
1112,194,66,0,landprov1112,x
1113,185,66,64,landprov1113,x
1114,176,66,128,landprov1114,x
1115,167,66,192,landprov1115,x
1116,148,66,0,landprov1116,x
1117,139,66,64,landprov1117,x
1118,55,44,126,landprov1118,x
1119,37,44,126,landprov1119,x
1120,46,44,126,landprov1120,x
1121,130,66,128,landprov1121,x
1122,0,44,126,landprov1122,x
1123,10,44,126,landprov1123,x
1124,74,52,126,landprov1124,x
1125,47,52,126,landprov1125,x
1126,38,52,126,landprov1126,x
1127,1,52,126,landprov1127,x
1128,75,60,126,landprov1128,x
1129,11,60,126,landprov1129,x
1130,56,60,126,landprov1130,x
1131,102,64,0,landprov1131,x
1132,93,64,64,landprov1132,x
1133,84,64,32,landprov1133,x
1134,75,64,192,landprov1134,x
1135,57,64,0,landprov1135,x
1136,48,64,32,landprov1136,x
1137,38,64,128,landprov1137,x
1138,29,64,32,landprov1138,x
1139,20,64,32,landprov1139,x
1140,11,64,0,landprov1140,x
1141,2,64,64,landprov1141,x
1142,239,62,192,landprov1142,x
1143,221,62,0,landprov1143,x
1144,212,62,64,landprov1144,x
1145,203,62,128,landprov1145,x
1146,194,62,192,landprov1146,x
1147,175,62,0,landprov1147,x
1148,166,62,64,landprov1148,x
1149,157,62,128,landprov1149,x
1150,148,62,192,landprov1150,x
1151,130,62,0,landprov1151,x
1152,111,60,128,landprov1152,x
1153,102,60,192,landprov1153,x
1154,84,60,126,landprov1154,x
1155,75,60,64,landprov1155,x
1156,66,60,128,landprov1156,x
1157,56,60,192,landprov1157,x
1158,47,60,126,landprov1158,x
1159,38,60,126,landprov1159,x
1160,29,60,64,landprov1160,x
1161,20,60,126,landprov1161,x
1162,11,60,192,landprov1162,x
1163,2,60,126,landprov1163,x
1164,239,58,64,landprov1164,x
1165,230,58,128,landprov1165,x
1166,221,58,192,landprov1166,x
1167,203,58,0,landprov1167,x
1168,193,58,64,landprov1168,x
1169,184,58,128,landprov1169,x
1170,175,58,192,landprov1170,x
1171,157,58,0,landprov1171,x
1172,148,58,64,landprov1172,x
1173,139,58,128,landprov1173,x
1174,129,58,192,landprov1174,x
1175,111,56,0,landprov1175,x
1176,102,56,64,landprov1176,x
1177,93,56,128,landprov1177,x
1178,84,56,32,landprov1178,x
1179,74,56,32,landprov1179,x
1180,65,56,0,landprov1180,x
1181,56,56,64,landprov1181,x
1182,47,56,128,landprov1182,x
1183,38,56,192,landprov1183,x
1184,29,56,32,landprov1184,x
1185,20,56,32,landprov1185,x
1186,10,56,32,landprov1186,x
1187,1,56,128,landprov1187,x
1188,230,54,0,landprov1188,x
1189,221,54,64,landprov1189,x
1190,211,54,128,landprov1190,x
1191,202,54,192,landprov1191,x
1192,184,54,0,landprov1192,x
1193,175,54,64,landprov1193,x
1194,166,54,128,landprov1194,x
1195,157,54,192,landprov1195,x
1196,138,54,0,landprov1196,x
1197,129,54,64,landprov1197,x
1198,111,52,192,landprov1198,x
1199,92,52,0,landprov1199,x
1200,83,52,126,landprov1200,x
1201,74,52,128,landprov1201,x
1202,65,52,192,landprov1202,x
1203,47,52,0,landprov1203,x
1204,38,52,64,landprov1204,x
1205,28,52,126,landprov1205,x
1206,19,52,126,landprov1206,x
1207,10,52,126,landprov1207,x
1208,1,52,0,landprov1208,x
1209,239,50,128,landprov1209,x
1210,229,50,192,landprov1210,x
1211,211,50,0,landprov1211,x
1212,202,50,64,landprov1212,x
1213,193,50,128,landprov1213,x
1214,184,50,192,landprov1214,x
1215,165,50,0,landprov1215,x
1216,156,50,64,landprov1216,x
1217,147,50,128,landprov1217,x
1218,138,50,192,landprov1218,x
1219,110,48,64,landprov1219,x
1220,101,48,128,landprov1220,x
1221,92,48,192,landprov1221,x
1222,83,48,32,landprov1222,x
1223,74,48,32,landprov1223,x
1224,65,48,64,landprov1224,x
1225,56,48,128,landprov1225,x
1226,46,48,192,landprov1226,x
1227,28,48,32,landprov1227,x
1228,19,48,32,landprov1228,x
1229,10,48,32,landprov1229,x
1230,1,48,192,landprov1230,x
1231,238,46,0,landprov1231,x
1232,229,46,64,landprov1232,x
1233,220,46,128,landprov1233,x
1234,211,46,192,landprov1234,x
1235,193,46,0,landprov1235,x
1236,183,46,64,landprov1236,x
1237,174,46,128,landprov1237,x
1238,165,46,192,landprov1238,x
1239,147,46,0,landprov1239,x
1240,138,46,64,landprov1240,x
1241,129,46,128,landprov1241,x
1242,101,44,0,landprov1242,x
1243,92,44,64,landprov1243,x
1244,83,44,126,landprov1244,x
1245,74,44,126,landprov1245,x
1246,55,44,0,landprov1246,x
1247,46,44,64,landprov1247,x
1248,37,44,128,landprov1248,x
1249,28,44,126,landprov1249,x
1250,19,44,126,landprov1250,x
1251,10,44,0,landprov1251,x
1252,0,44,64,landprov1252,x
1253,238,42,192,landprov1253,x
1254,220,42,0,landprov1254,x
1255,211,42,64,landprov1255,x
1256,201,42,128,landprov1256,x
1257,192,42,192,landprov1257,x
1258,174,42,0,landprov1258,x
1259,165,42,64,landprov1259,x
1260,156,42,128,landprov1260,x
1261,147,42,192,landprov1261,x
1262,128,42,0,landprov1262,x
1263,110,40,128,landprov1263,x
1264,101,40,192,landprov1264,x
1265,82,40,32,landprov1265,x
1266,73,40,64,landprov1266,x
1267,64,40,128,landprov1267,x
1268,55,40,32,landprov1268,x
1269,46,40,32,landprov1269,x
1270,37,40,0,landprov1270,x
1271,28,40,64,landprov1271,x
1272,18,40,128,landprov1272,x
1273,9,40,192,landprov1273,x
1274,0,40,32,landprov1274,x
1275,238,38,64,landprov1275,x
1276,229,38,128,landprov1276,x
1277,219,38,192,landprov1277,x
1278,201,38,0,landprov1278,x
1279,192,38,64,landprov1279,x
1280,183,38,128,landprov1280,x
1281,174,38,192,landprov1281,x
1282,155,38,0,landprov1282,x
1283,146,38,64,landprov1283,x
1284,137,38,128,landprov1284,x
1285,128,38,192,landprov1285,x
1286,110,36,0,landprov1286,x
1287,100,36,64,landprov1287,x
1288,91,36,128,landprov1288,x
1289,82,36,126,landprov1289,x
1290,73,36,126,landprov1290,x
1291,64,36,0,landprov1291,x
1292,55,36,64,landprov1292,x
1293,46,36,128,landprov1293,x
1294,36,36,192,landprov1294,x
1295,27,36,126,landprov1295,x
1296,18,36,126,landprov1296,x
1297,9,36,64,landprov1297,x
1298,0,36,128,landprov1298,x
1299,247,34,192,landprov1299,x
1300,228,34,0,landprov1300,x
1301,219,34,64,landprov1301,x
1302,210,34,128,landprov1302,x
1303,201,34,192,landprov1303,x
1304,183,34,0,landprov1304,x
1305,173,34,64,landprov1305,x
1306,164,34,128,landprov1306,x
1307,155,34,192,landprov1307,x
1308,137,34,0,landprov1308,x
1309,128,34,64,landprov1309,x
1310,118,32,128,landprov1310,x
1311,109,32,192,landprov1311,x
1312,91,32,0,landprov1312,x
1313,82,32,32,landprov1313,x
1314,73,32,128,landprov1314,x
1315,64,32,192,landprov1315,x
1316,54,32,32,landprov1316,x
1317,45,32,0,landprov1317,x
1318,36,32,64,landprov1318,x
1319,27,32,128,landprov1319,x
1320,18,32,192,landprov1320,x
1321,9,32,32,landprov1321,x
1322,44,144,32,landprov1322,x
1323,53,144,32,landprov1323,x
1324,8,144,32,landprov1324,x
1325,17,144,0,landprov1325,x
1326,35,144,192,landprov1326,x
1327,81,144,192,landprov1327,x
1328,72,148,64,landprov1328,x
1329,17,148,128,landprov1329,x
1330,81,148,0,landprov1330,x
1331,72,152,192,landprov1331,x
1332,54,152,32,landprov1332,x
1333,45,152,32,landprov1333,x
1334,36,152,32,landprov1334,x
1335,26,152,32,landprov1335,x
1336,8,152,32,landprov1336,x
1337,81,152,128,landprov1337,x
1338,72,156,0,landprov1338,x
1339,18,156,64,landprov1339,x
1340,78,108,0,landprov1340,x
1341,23,108,64,landprov1341,x
1342,32,108,0,landprov1342,x
1343,69,108,64,landprov1343,x
1344,214,90,0,landprov1344,x
1345,79,124,192,landprov1345,x
1346,15,124,0,landprov1346,x
1347,34,124,192,landprov1347,x
1348,76,72,128,landprov1348,x
1349,39,72,32,landprov1349,x
1350,2,72,32,landprov1350,x
1351,21,72,192,landprov1351,x
1352,66,72,192,landprov1352,x
1353,85,72,64,landprov1353,x
1354,21,76,0,landprov1354,x
1355,85,76,192,landprov1355,x
1356,77,88,0,landprov1356,x
1357,31,88,0,landprov1357,x
1358,22,88,64,landprov1358,x
1359,13,88,32,landprov1359,x
1360,4,88,32,landprov1360,x
1361,49,88,32,landprov1361,x
1362,68,88,64,landprov1362,x
1363,77,92,128,landprov1363,x
1364,31,92,128,landprov1364,x
1365,22,92,192,landprov1365,x
1366,86,92,64,landprov1366,x
1367,68,92,192,landprov1367,x
1368,18,36,0,landprov1368,x
1369,82,36,192,landprov1369,x
1370,78,104,192,landprov1370,x
1371,5,104,32,landprov1371,x
1372,14,104,32,landprov1372,x
1373,50,104,32,landprov1373,x
1374,41,104,32,landprov1374,x
1375,32,104,192,landprov1375,x
1376,74,44,192,landprov1376,x
1377,28,44,192,landprov1377,x
1378,83,44,128,landprov1378,x
1379,19,52,192,landprov1379,x
1380,28,52,128,landprov1380,x
1381,83,52,64,landprov1381,x
1382,79,120,64,landprov1382,x
1383,15,120,32,landprov1383,x
1384,24,120,128,landprov1384,x
1385,33,120,64,landprov1385,x
1386,42,120,32,landprov1386,x
1387,70,120,128,landprov1387,x
1388,38,60,0,landprov1388,x
1389,20,60,128,landprov1389,x
1390,84,60,0,landprov1390,x
1391,108,253,253,seaprov1391,x
1392,100,253,253,seaprov1392,x
1393,96,253,253,seaprov1393,x
1394,92,253,253,seaprov1394,x
1395,88,253,253,seaprov1395,x
1396,80,253,253,seaprov1396,x
1397,76,253,253,seaprov1397,x
1398,72,253,253,seaprov1398,x
1399,68,253,253,seaprov1399,x
1400,64,253,253,seaprov1400,x
1401,60,253,253,seaprov1401,x
1402,56,253,253,seaprov1402,x
1403,52,253,253,seaprov1403,x
1404,48,253,253,seaprov1404,x
1405,44,253,253,seaprov1405,x
1406,40,253,253,seaprov1406,x
1407,36,253,253,seaprov1407,x
1408,32,253,253,seaprov1408,x
1409,28,253,253,seaprov1409,x
1410,24,253,253,seaprov1410,x
1411,20,253,253,seaprov1411,x
1412,16,253,253,seaprov1412,x
1413,12,253,253,seaprov1413,x
1414,8,253,253,seaprov1414,x
1415,4,253,253,seaprov1415,x
1416,0,253,253,seaprov1416,x
1417,124,251,251,seaprov1417,x
1418,120,251,251,seaprov1418,x
1419,116,251,251,seaprov1419,x
1420,112,251,251,seaprov1420,x
1421,108,251,251,seaprov1421,x
1422,104,251,251,seaprov1422,x
1423,100,251,251,seaprov1423,x
1424,96,251,251,seaprov1424,x
1425,92,251,251,seaprov1425,x
1426,88,251,251,seaprov1426,x
1427,84,251,251,seaprov1427,x
1428,80,251,251,seaprov1428,x
1429,76,251,251,seaprov1429,x
1430,72,251,251,seaprov1430,x
1431,68,251,251,seaprov1431,x
1432,64,251,251,seaprov1432,x
1433,60,251,251,seaprov1433,x
1434,56,251,251,seaprov1434,x
1435,52,251,251,seaprov1435,x
1436,48,251,251,seaprov1436,x
1437,44,251,251,seaprov1437,x
1438,40,251,251,seaprov1438,x
1439,36,251,251,seaprov1439,x
1440,32,251,251,seaprov1440,x
1441,28,251,251,seaprov1441,x
1442,24,251,251,seaprov1442,x
1443,20,251,251,seaprov1443,x
1444,16,251,251,seaprov1444,x
1445,12,251,251,seaprov1445,x
1446,8,251,251,seaprov1446,x
1447,4,251,251,seaprov1447,x
1448,0,251,251,seaprov1448,x
1449,107,223,253,seaprov1449,x
1450,103,223,253,seaprov1450,x
1451,99,223,253,seaprov1451,x
1452,95,223,253,seaprov1452,x
1453,91,223,253,seaprov1453,x
1454,87,223,253,seaprov1454,x
1455,83,223,253,seaprov1455,x
1456,79,223,253,seaprov1456,x
1457,75,223,253,seaprov1457,x
1458,71,223,253,seaprov1458,x
1459,67,223,253,seaprov1459,x
1460,63,223,253,seaprov1460,x
1461,59,223,253,seaprov1461,x
1462,55,223,253,seaprov1462,x
1463,51,223,253,seaprov1463,x
1464,47,223,253,seaprov1464,x
1465,43,223,253,seaprov1465,x
1466,39,223,253,seaprov1466,x
1467,35,223,253,seaprov1467,x
1468,31,223,253,seaprov1468,x
1469,27,223,253,seaprov1469,x
1470,23,223,253,seaprov1470,x
1471,19,223,253,seaprov1471,x
1472,15,223,253,seaprov1472,x
1473,11,223,253,seaprov1473,x
1474,7,223,253,seaprov1474,x
1475,3,223,253,seaprov1475,x
1476,127,221,251,seaprov1476,x
1477,123,221,251,seaprov1477,x
1478,119,221,251,seaprov1478,x
1479,115,221,251,seaprov1479,x
1480,111,221,251,seaprov1480,x
1481,107,221,251,seaprov1481,x
1482,103,221,251,seaprov1482,x
1483,99,221,251,seaprov1483,x
1484,95,221,251,seaprov1484,x
1485,91,221,251,seaprov1485,x
1486,87,221,251,seaprov1486,x
1487,83,221,251,seaprov1487,x
1488,79,221,251,seaprov1488,x
1489,75,221,251,seaprov1489,x
1490,71,221,251,seaprov1490,x
1491,67,221,251,seaprov1491,x
1492,63,221,251,seaprov1492,x
1493,59,221,251,seaprov1493,x
1494,55,221,251,seaprov1494,x
1495,51,221,251,seaprov1495,x
1496,47,221,251,seaprov1496,x
1497,43,221,251,seaprov1497,x
1498,39,221,251,seaprov1498,x
1499,35,221,251,seaprov1499,x
1500,31,221,251,seaprov1500,x
1501,27,221,251,seaprov1501,x
1502,23,221,251,seaprov1502,x
1503,19,221,251,seaprov1503,x
1504,15,221,251,seaprov1504,x
1505,11,221,251,seaprov1505,x
1506,7,221,251,seaprov1506,x
1507,3,221,251,seaprov1507,x
1508,110,203,253,seaprov1508,x
1509,109,203,203,seaprov1509,x
1510,106,203,253,seaprov1510,x
1511,104,203,203,seaprov1511,x
1512,102,203,253,seaprov1512,x
1513,101,203,203,seaprov1513,x
1514,98,203,253,seaprov1514,x
1515,97,203,203,seaprov1515,x
1516,94,203,253,seaprov1516,x
1517,93,203,203,seaprov1517,x
1518,90,203,253,seaprov1518,x
1519,89,203,203,seaprov1519,x
1520,86,203,253,seaprov1520,x
1521,85,203,203,seaprov1521,x
1522,82,203,253,seaprov1522,x
1523,81,203,203,seaprov1523,x
1524,78,203,253,seaprov1524,x
1525,77,203,203,seaprov1525,x
1526,74,203,253,seaprov1526,x
1527,73,203,203,seaprov1527,x
1528,70,203,253,seaprov1528,x
1529,69,203,203,seaprov1529,x
1530,66,203,253,seaprov1530,x
1531,65,203,203,seaprov1531,x
1532,62,203,253,seaprov1532,x
1533,61,203,203,seaprov1533,x
1534,58,203,253,seaprov1534,x
1535,57,203,203,seaprov1535,x
1536,54,203,253,seaprov1536,x
1537,53,203,203,seaprov1537,x
1538,50,203,253,seaprov1538,x
1539,49,203,203,seaprov1539,x
1540,46,203,253,seaprov1540,x
1541,45,203,203,seaprov1541,x
1542,42,203,253,seaprov1542,x
1543,41,203,203,seaprov1543,x
1544,38,203,253,seaprov1544,x
1545,37,203,203,seaprov1545,x
1546,34,203,253,seaprov1546,x
1547,33,203,203,seaprov1547,x
1548,30,203,253,seaprov1548,x
1549,29,203,203,seaprov1549,x
1550,26,203,253,seaprov1550,x
1551,25,203,203,seaprov1551,x
1552,22,203,253,seaprov1552,x
1553,21,203,203,seaprov1553,x
1554,18,203,253,seaprov1554,x
1555,17,203,203,seaprov1555,x
1556,14,203,253,seaprov1556,x
1557,13,203,203,seaprov1557,x
1558,10,203,253,seaprov1558,x
1559,9,203,203,seaprov1559,x
1560,6,203,253,seaprov1560,x
1561,5,203,203,seaprov1561,x
1562,2,203,253,seaprov1562,x
1563,1,203,203,seaprov1563,x
1564,126,201,251,seaprov1564,x
1565,125,201,201,seaprov1565,x
1566,122,201,251,seaprov1566,x
1567,121,201,201,seaprov1567,x
1568,118,201,251,seaprov1568,x
1569,117,201,201,seaprov1569,x
1570,114,201,251,seaprov1570,x
1571,113,201,201,seaprov1571,x
1572,110,201,251,seaprov1572,x
1573,109,201,201,seaprov1573,x
1574,106,201,251,seaprov1574,x
1575,105,201,201,seaprov1575,x
1576,102,201,251,seaprov1576,x
1577,101,201,201,seaprov1577,x
1578,98,201,251,seaprov1578,x
1579,97,201,201,seaprov1579,x
1580,94,201,251,seaprov1580,x
1581,93,201,201,seaprov1581,x
1582,90,201,251,seaprov1582,x
1583,89,201,201,seaprov1583,x
1584,86,201,251,seaprov1584,x
1585,85,201,201,seaprov1585,x
1586,82,201,251,seaprov1586,x
1587,81,201,201,seaprov1587,x
1588,78,201,251,seaprov1588,x
1589,77,201,201,seaprov1589,x
1590,74,201,251,seaprov1590,x
1591,73,201,201,seaprov1591,x
1592,70,201,251,seaprov1592,x
1593,69,201,201,seaprov1593,x
1594,66,201,251,seaprov1594,x
1595,65,201,201,seaprov1595,x
1596,62,201,251,seaprov1596,x
1597,61,201,201,seaprov1597,x
1598,58,201,251,seaprov1598,x
1599,57,201,201,seaprov1599,x
1600,54,201,251,seaprov1600,x
1601,53,201,201,seaprov1601,x
1602,50,201,251,seaprov1602,x
1603,49,201,201,seaprov1603,x
1604,46,201,251,seaprov1604,x
1605,45,201,201,seaprov1605,x
1606,42,201,251,seaprov1606,x
1607,41,201,201,seaprov1607,x
1608,38,201,251,seaprov1608,x
1609,37,201,201,seaprov1609,x
1610,34,201,251,seaprov1610,x
1611,33,201,201,seaprov1611,x
1612,30,201,251,seaprov1612,x
1613,29,201,201,seaprov1613,x
1614,26,201,251,seaprov1614,x
1615,25,201,201,seaprov1615,x
1616,22,201,251,seaprov1616,x
1617,21,201,201,seaprov1617,x
1618,18,201,251,seaprov1618,x
1619,17,201,201,seaprov1619,x
1620,14,201,251,seaprov1620,x
1621,13,201,201,seaprov1621,x
1622,10,201,251,seaprov1622,x
1623,9,201,201,seaprov1623,x
1624,6,201,251,seaprov1624,x
1625,5,201,201,seaprov1625,x
1626,2,201,251,seaprov1626,x
1627,1,201,201,seaprov1627,x
1628,124,252,252,seaprov1628,x
1629,120,252,252,seaprov1629,x
1630,116,252,252,seaprov1630,x
1631,112,252,252,seaprov1631,x
1632,108,252,252,seaprov1632,x
1633,104,252,252,seaprov1633,x
1634,100,252,252,seaprov1634,x
1635,96,252,252,seaprov1635,x
1636,92,252,252,seaprov1636,x
1637,88,252,252,seaprov1637,x
1638,84,252,252,seaprov1638,x
1639,80,252,252,seaprov1639,x
1640,76,252,252,seaprov1640,x
1641,72,252,252,seaprov1641,x
1642,68,252,252,seaprov1642,x
1643,64,252,252,seaprov1643,x
1644,60,252,252,seaprov1644,x
1645,56,252,252,seaprov1645,x
1646,52,252,252,seaprov1646,x
1647,48,252,252,seaprov1647,x
1648,44,252,252,seaprov1648,x
1649,40,252,252,seaprov1649,x
1650,36,252,252,seaprov1650,x
1651,32,252,252,seaprov1651,x
1652,28,252,252,seaprov1652,x
1653,24,252,252,seaprov1653,x
1654,20,252,252,seaprov1654,x
1655,16,252,252,seaprov1655,x
1656,12,252,252,seaprov1656,x
1657,8,252,252,seaprov1657,x
1658,4,252,252,seaprov1658,x
1659,0,252,252,seaprov1659,x
1660,124,250,250,seaprov1660,x
1661,120,250,250,seaprov1661,x
1662,116,250,250,seaprov1662,x
1663,112,250,250,seaprov1663,x
1664,108,250,250,seaprov1664,x
1665,104,250,250,seaprov1665,x
1666,100,250,250,seaprov1666,x
1667,96,250,250,seaprov1667,x
1668,92,250,250,seaprov1668,x
1669,88,250,250,seaprov1669,x
1670,84,250,250,seaprov1670,x
1671,80,250,250,seaprov1671,x
1672,76,250,250,seaprov1672,x
1673,72,250,250,seaprov1673,x
1674,68,250,250,seaprov1674,x
1675,64,250,250,seaprov1675,x
1676,60,250,250,seaprov1676,x
1677,56,250,250,seaprov1677,x
1678,52,250,250,seaprov1678,x
1679,48,250,250,seaprov1679,x
1680,44,250,250,seaprov1680,x
1681,40,250,250,seaprov1681,x
1682,36,250,250,seaprov1682,x
1683,32,250,250,seaprov1683,x
1684,28,250,250,seaprov1684,x
1685,24,250,250,seaprov1685,x
1686,20,250,250,seaprov1686,x
1687,16,250,250,seaprov1687,x
1688,12,250,250,seaprov1688,x
1689,8,250,250,seaprov1689,x
1690,4,250,250,seaprov1690,x
1691,127,222,252,seaprov1691,x
1692,123,222,252,seaprov1692,x
1693,119,222,252,seaprov1693,x
1694,115,222,252,seaprov1694,x
1695,111,222,252,seaprov1695,x
1696,107,222,252,seaprov1696,x
1697,103,222,252,seaprov1697,x
1698,99,222,252,seaprov1698,x
1699,95,222,252,seaprov1699,x
1700,91,222,252,seaprov1700,x
1701,87,222,252,seaprov1701,x
1702,83,222,252,seaprov1702,x
1703,79,222,252,seaprov1703,x
1704,75,222,252,seaprov1704,x
1705,71,222,252,seaprov1705,x
1706,67,222,252,seaprov1706,x
1707,63,222,252,seaprov1707,x
1708,59,222,252,seaprov1708,x
1709,55,222,252,seaprov1709,x
1710,51,222,252,seaprov1710,x
1711,47,222,252,seaprov1711,x
1712,43,222,252,seaprov1712,x
1713,39,222,252,seaprov1713,x
1714,35,222,252,seaprov1714,x
1715,31,222,252,seaprov1715,x
1716,27,222,252,seaprov1716,x
1717,23,222,252,seaprov1717,x
1718,19,222,252,seaprov1718,x
1719,15,222,252,seaprov1719,x
1720,11,222,252,seaprov1720,x
1721,7,222,252,seaprov1721,x
1722,3,222,252,seaprov1722,x
1723,127,220,250,seaprov1723,x
1724,123,220,250,seaprov1724,x
1725,119,220,250,seaprov1725,x
1726,115,220,250,seaprov1726,x
1727,111,220,250,seaprov1727,x
1728,107,220,250,seaprov1728,x
1729,103,220,250,seaprov1729,x
1730,99,220,250,seaprov1730,x
1731,95,220,250,seaprov1731,x
1732,91,220,250,seaprov1732,x
1733,87,220,250,seaprov1733,x
1734,83,220,250,seaprov1734,x
1735,79,220,250,seaprov1735,x
1736,75,220,250,seaprov1736,x
1737,71,220,250,seaprov1737,x
1738,67,220,250,seaprov1738,x
1739,63,220,250,seaprov1739,x
1740,59,220,250,seaprov1740,x
1741,55,220,250,seaprov1741,x
1742,51,220,250,seaprov1742,x
1743,47,220,250,seaprov1743,x
1744,43,220,250,seaprov1744,x
1745,39,220,250,seaprov1745,x
1746,35,220,250,seaprov1746,x
1747,31,220,250,seaprov1747,x
1748,27,220,250,seaprov1748,x
1749,23,220,250,seaprov1749,x
1750,19,220,250,seaprov1750,x
1751,15,220,250,seaprov1751,x
1752,11,220,250,seaprov1752,x
1753,7,220,250,seaprov1753,x
1754,3,220,250,seaprov1754,x
1755,126,202,252,seaprov1755,x
1756,125,202,202,seaprov1756,x
1757,122,202,252,seaprov1757,x
1758,121,202,202,seaprov1758,x
1759,118,202,252,seaprov1759,x
1760,117,202,202,seaprov1760,x
1761,114,202,252,seaprov1761,x
1762,113,202,202,seaprov1762,x
1763,110,202,252,seaprov1763,x
1764,109,202,202,seaprov1764,x
1765,106,202,252,seaprov1765,x
1766,105,202,202,seaprov1766,x
1767,102,202,252,seaprov1767,x
1768,101,202,202,seaprov1768,x
1769,98,202,252,seaprov1769,x
1770,97,202,202,seaprov1770,x
1771,94,202,252,seaprov1771,x
1772,93,202,202,seaprov1772,x
1773,90,202,252,seaprov1773,x
1774,89,202,202,seaprov1774,x
1775,86,202,252,seaprov1775,x
1776,85,202,202,seaprov1776,x
1777,82,202,252,seaprov1777,x
1778,81,202,202,seaprov1778,x
1779,78,202,252,seaprov1779,x
1780,77,202,202,seaprov1780,x
1781,74,202,252,seaprov1781,x
1782,73,202,202,seaprov1782,x
1783,70,202,252,seaprov1783,x
1784,69,202,202,seaprov1784,x
1785,66,202,252,seaprov1785,x
1786,65,202,202,seaprov1786,x
1787,62,202,252,seaprov1787,x
1788,61,202,202,seaprov1788,x
1789,58,202,252,seaprov1789,x
1790,57,202,202,seaprov1790,x
1791,54,202,252,seaprov1791,x
1792,53,202,202,seaprov1792,x
1793,50,202,252,seaprov1793,x
1794,49,202,202,seaprov1794,x
1795,46,202,252,seaprov1795,x
1796,45,202,202,seaprov1796,x
1797,42,202,252,seaprov1797,x
1798,41,202,202,seaprov1798,x
1799,38,202,252,seaprov1799,x
1800,37,202,202,seaprov1800,x
1801,34,202,252,seaprov1801,x
1802,33,202,202,seaprov1802,x
1803,30,202,252,seaprov1803,x
1804,29,202,202,seaprov1804,x
1805,26,202,252,seaprov1805,x
1806,25,202,202,seaprov1806,x
1807,22,202,252,seaprov1807,x
1808,21,202,202,seaprov1808,x
1809,18,202,252,seaprov1809,x
1810,17,202,202,seaprov1810,x
1811,14,202,252,seaprov1811,x
1812,13,202,202,seaprov1812,x
1813,10,202,252,seaprov1813,x
1814,9,202,202,seaprov1814,x
1815,6,202,252,seaprov1815,x
1816,5,202,202,seaprov1816,x
1817,2,202,252,seaprov1817,x
1818,1,202,202,seaprov1818,x
1819,126,200,250,seaprov1819,x
1820,125,200,200,seaprov1820,x
1821,122,200,250,seaprov1821,x
1822,121,200,200,seaprov1822,x
1823,118,200,250,seaprov1823,x
1824,117,200,200,seaprov1824,x
1825,114,200,250,seaprov1825,x
1826,113,200,200,seaprov1826,x
1827,110,200,250,seaprov1827,x
1828,109,200,200,seaprov1828,x
1829,106,200,250,seaprov1829,x
1830,105,200,200,seaprov1830,x
1831,102,200,250,seaprov1831,x
1832,101,200,200,seaprov1832,x
1833,98,200,250,seaprov1833,x
1834,97,200,200,seaprov1834,x
1835,94,200,250,seaprov1835,x
1836,93,200,200,seaprov1836,x
1837,90,200,250,seaprov1837,x
1838,89,200,200,seaprov1838,x
1839,86,200,250,seaprov1839,x
1840,85,200,200,seaprov1840,x
1841,82,200,250,seaprov1841,x
1842,81,200,200,seaprov1842,x
1843,78,200,250,seaprov1843,x
1844,77,200,200,seaprov1844,x
1845,74,200,250,seaprov1845,x
1846,73,200,200,seaprov1846,x
1847,70,200,250,seaprov1847,x
1848,69,200,200,seaprov1848,x
1849,66,200,250,seaprov1849,x
1850,65,200,200,seaprov1850,x
1851,62,200,250,seaprov1851,x
1852,61,200,200,seaprov1852,x
1853,58,200,250,seaprov1853,x
1854,57,200,200,seaprov1854,x
1855,54,200,250,seaprov1855,x
1856,53,200,200,seaprov1856,x
1857,50,200,250,seaprov1857,x
1858,49,200,200,seaprov1858,x
1859,46,200,250,seaprov1859,x
1860,45,200,200,seaprov1860,x
1861,42,200,250,seaprov1861,x
1862,41,200,200,seaprov1862,x
1863,38,200,250,seaprov1863,x
1864,37,200,200,seaprov1864,x
1865,34,200,250,seaprov1865,x
1866,33,200,200,seaprov1866,x
1867,30,200,250,seaprov1867,x
1868,29,200,200,seaprov1868,x
1869,26,200,250,seaprov1869,x
1870,25,200,200,seaprov1870,x
1871,22,200,250,seaprov1871,x
1872,21,200,200,seaprov1872,x
1873,18,200,250,seaprov1873,x
1874,17,200,200,seaprov1874,x
1875,14,200,250,seaprov1875,x
1876,13,200,200,seaprov1876,x
1877,10,200,250,seaprov1877,x
1878,9,200,200,seaprov1878,x
1879,6,200,250,seaprov1879,x
1880,5,200,200,seaprov1880,x
1881,2,200,250,seaprov1881,x
1882,1,200,200,seaprov1882,x
